ticker,company,contract_id,issuer_id,issuer_cik,security_type,instrument_status,exchange,sector,industry,current_price,reference_52w_high,market_cap,avg_dollar_volume,return_1m_pct,return_3m_pct,return_6m_pct,return_12m_pct,drawdown_pct,historical_volatility_pct,trading_history_days,momentum_history_status,data_integrity_status,as_of,l2_status,l2_setup_score,l2_confidence_pct,l2_quality_prior_score,l2_room_to_target_score,setup_prior_growth,setup_pullback_geometry,setup_liquidity,setup_data_completeness,setup_model_version,l2_rules_hash
XLB,State Street Materials Select Sector SPDR ETF,US:XLB,SECURITY:XLB:US:XLB,,etf,eligible,P,,,52.42,53.62,,589550665.9152381,3.1483667847304275,5.430410297666932,-0.7760742002649978,16.411281367976915,2.237970906378206,17.514895345458882,277.0,full,usable,2026-08-20,conditional,60.71,100.0,,,75.0,10.0,100.0,100.0,2.2.0,c8f1bf1665a8c5dfb834c0571e7dd5f6b6e5ccd00eab00295338bd42cfde549b
XLC,State Street Communication Services Select Sector SPDR ETF,US:XLC,SECURITY:XLC:US:XLC,,etf,eligible,P,,,110.68,120.08,,698656474.4957143,1.3553113553113505,-4.668389319552102,-3.8735452492617672,0.4538028680341366,7.82811459027315,22.21036882050644,277.0,full,usable,2026-08-20,conditional,68.29,100.0,,,79.0,28.0,100.0,100.0,2.2.0,c8f1bf1665a8c5dfb834c0571e7dd5f6b6e5ccd00eab00295338bd42cfde549b
XLE,State Street Energy Select Sector SPDR ETF,US:XLE,SECURITY:XLE:US:XLE,,etf,eligible,P,,,63.75,63.75,,1843715007.0138094,7.685810810810811,6.605351170568574,15.530989488945268,49.858956276445696,0.0,22.164563787420192,277.0,full,usable,2026-08-20,conditional,57.86,100.0,,,65.0,10.0,100.0,100.0,2.2.0,c8f1bf1665a8c5dfb834c0571e7dd5f6b6e5ccd00eab00295338bd42cfde549b
XLF,State Street Financial Select Sector SPDR ETF,US:XLF,SECURITY:XLF:US:XLF,,etf,eligible,P,,,56.95,58.26,,1872581574.6038094,1.605709188224802,10.240030971738312,9.20421860019176,8.269961977186323,2.248541023000339,10.576438815257166,277.0,full,usable,2026-08-20,conditional,58.43,100.0,,,67.0,10.0,100.0,100.0,2.2.0,c8f1bf1665a8c5dfb834c0571e7dd5f6b6e5ccd00eab00295338bd42cfde549b
XLI,State Street Industrial Select Sector SPDR ETF,US:XLI,SECURITY:XLI:US:XLI,,etf,eligible,P,,,179.77,186.51,,1279116517.2373016,0.5143975398378631,5.294910091958083,1.945106045140066,18.769820295983088,3.6137472521580505,16.014190796223584,277.0,full,usable,2026-08-20,conditional,60.71,100.0,,,75.0,10.0,100.0,100.0,2.2.0,c8f1bf1665a8c5dfb834c0571e7dd5f6b6e5ccd00eab00295338bd42cfde549b
XLK,State Street Technology Select Sector SPDR ETF,US:XLK,SECURITY:XLK:US:XLK,,etf,eligible,P,,,183.1,198.21,,2018592644.0549207,1.569867421090576,3.3645703962967177,30.589829541402167,39.974008103356006,7.623227889612039,30.438174952189602,277.0,full,usable,2026-08-20,conditional,67.71,100.0,,,77.0,28.0,100.0,100.0,2.2.0,c8f1bf1665a8c5dfb834c0571e7dd5f6b6e5ccd00eab00295338bd42cfde549b
XLO,"Xilio Therapeutics, Inc. - Common Stock",nasdaqtrader:Q:XLO,SECURITY:XLO:nasdaqtrader:Q:XLO,,common_equity,eligible,Q,,,9.16,12.08,,304882.283968254,8.018867924528305,8.530805687203792,14.786967418546372,-4.02347024308466,24.17218543046358,31.06032279723375,277.0,full,usable,2026-08-20,rejected,64.57,100.0,,,61.0,92.0,0.0,100.0,2.2.0,c8f1bf1665a8c5dfb834c0571e7dd5f6b6e5ccd00eab00295338bd42cfde549b
XLP,State Street Consumer Staples Select Sector SPDR ETF,US:XLP,SECURITY:XLP:US:XLP,,etf,eligible,P,,,85.32,90.01,,970266000.2779366,1.1140080587817014,-0.2338634237605275,-2.6805064446218885,3.105740181268879,5.210532163093006,17.689186000725698,277.0,full,usable,2026-08-20,conditional,68.29,100.0,,,79.0,28.0,100.0,100.0,2.2.0,c8f1bf1665a8c5dfb834c0571e7dd5f6b6e5ccd00eab00295338bd42cfde549b
XLRE,State Street Real Estate Select Sector SPDR ETF,US:XLRE,SECURITY:XLRE:US:XLRE,,etf,eligible,P,,,45.08,46.01,,232793926.5825397,0.15552099533437946,1.4629754670267836,4.351851851851851,8.183345332373392,2.021299717452729,13.41835323818863,277.0,full,usable,2026-08-20,conditional,60.14,100.0,,,79.0,10.0,92.0,100.0,2.2.0,c8f1bf1665a8c5dfb834c0571e7dd5f6b6e5ccd00eab00295338bd42cfde549b
XLU,State Street Utilities Select Sector SPDR ETF,US:XLU,SECURITY:XLU:US:XLU,,etf,eligible,P,,,43.77,47.73,,888606256.330635,-4.702808621815802,-1.6625477420804224,-5.074821080026015,1.6960966542751033,8.296668761785032,12.64231684126039,277.0,full,usable,2026-08-20,conditional,87.57,100.0,,,79.0,82.0,100.0,100.0,2.2.0,c8f1bf1665a8c5dfb834c0571e7dd5f6b6e5ccd00eab00295338bd42cfde549b
XLV,State Street Health Care Select Sector SPDR ETF,US:XLV,SECURITY:XLV:US:XLV,,etf,eligible,P,,,172.39,175.68,,1642962434.0120635,8.128959417926351,17.1684904506219,9.621009792699976,26.05293945598128,1.8727231329690452,19.780535825548146,277.0,full,usable,2026-08-20,conditional,60.71,100.0,,,75.0,10.0,100.0,100.0,2.2.0,c8f1bf1665a8c5dfb834c0571e7dd5f6b6e5ccd00eab00295338bd42cfde549b
XLY,State Street Consumer Discretionary Select Sector SPDR ETF,US:XLY,SECURITY:XLY:US:XLY,,etf,eligible,P,,,116.68,124.52,,890467694.2460318,2.3329240484125657,-1.0683398338137917,0.37852718513422534,1.5226659705907863,6.2961773209122995,22.717905918659035,277.0,full,usable,2026-08-20,conditional,68.29,100.0,,,79.0,28.0,100.0,100.0,2.2.0,c8f1bf1665a8c5dfb834c0571e7dd5f6b6e5ccd00eab00295338bd42cfde549b
XMAX,"XMAX, Inc. - Common Stock",nasdaqtrader:Q:XMAX,SECURITY:XMAX:nasdaqtrader:Q:XMAX,,common_equity,eligible,Q,,,8.55,9.34,,9811846.055873016,-0.5813953488371992,4.907975460122693,38.34951456310682,336.2244897959184,8.458244111349023,30.851982746323024,277.0,full,usable,2026-08-20,conditional,81.14,100.0,,,85.0,82.0,62.0,100.0,2.2.0,c8f1bf1665a8c5dfb834c0571e7dd5f6b6e5ccd00eab00295338bd42cfde549b
XMTR,"Xometry, Inc. - Class A Common Stock",nasdaqtrader:Q:XMTR,NAMECLASS:XOMETRY INC,,common_equity,eligible,Q,,,83.12,104.85,,72968612.82420635,-15.562779357984557,-9.445473363111457,41.144506707420625,81.76251913404768,20.724845016690495,65.12889931585771,277.0,full,usable,2026-08-20,conditional,88.57,100.0,,,85.0,92.0,80.0,100.0,2.2.0,c8f1bf1665a8c5dfb834c0571e7dd5f6b6e5ccd00eab00295338bd42cfde549b
XNCR,"Xencor, Inc. - Common Stock",nasdaqtrader:Q:XNCR,SECURITY:XNCR:nasdaqtrader:Q:XNCR,,common_equity,eligible,Q,,,27.0,27.52,,17782203.129047617,38.39056893900563,138.5159010600707,129.9829642248722,255.7312252964427,1.8895348837209336,79.00158213496277,277.0,full,usable,2026-08-20,conditional,52.0,100.0,,,73.0,10.0,62.0,100.0,2.2.0,c8f1bf1665a8c5dfb834c0571e7dd5f6b6e5ccd00eab00295338bd42cfde549b
XNDU,Xanadu Quantum Technologies Limited - Class B Subordinate Voting Shares,qrgf-resolution-required:Q:XNDU,SECURITY:XNDU:qrgf-resolution-required:Q:XNDU,,common_equity,eligible,Q,,,10.11,36.12,,34156685.4868254,-8.506787330316756,-28.450106157112533,-3.346080305927357,0.6972111553784854,72.00996677740864,76.95043681932366,277.0,full,usable,2026-08-20,conditional,64.71,100.0,,,79.0,30.0,80.0,100.0,2.2.0,c8f1bf1665a8c5dfb834c0571e7dd5f6b6e5ccd00eab00295338bd42cfde549b
XNET,Xunlei Limited - American Depositary Shares,nasdaqtrader:Q:XNET,SECURITY:XNET:nasdaqtrader:Q:XNET,,adr,eligible,Q,,,5.04,10.78,,1846640.7537301588,-10.954063604240282,-10.479573712255775,-13.253012048192769,-36.12167300380228,53.246753246753244,55.57443284986021,277.0,full,usable,2026-08-20,rejected,58.43,100.0,,,67.0,70.0,0.0,100.0,2.2.0,c8f1bf1665a8c5dfb834c0571e7dd5f6b6e5ccd00eab00295338bd42cfde549b
XOM,ExxonMobil Holdings Corporation Common Stock,nasdaqtrader:N:XOM,SECURITY:XOM:nasdaqtrader:N:XOM,,common_equity,eligible,N,,,166.15,171.47,,2350854950.145238,7.575267076723868,6.315587407217826,10.05497781016096,54.67324520573451,3.1025835423105996,23.714066175971762,277.0,full,usable,2026-08-20,conditional,63.0,100.0,,,83.0,10.0,100.0,100.0,2.2.0,c8f1bf1665a8c5dfb834c0571e7dd5f6b6e5ccd00eab00295338bd42cfde549b
XOP,State Street SPDR S&P Oil & Gas Exploration & Production ETF,US:XOP,SECURITY:XOP:US:XOP,,etf,eligible,P,,,187.45,188.18,,572886607.0095237,6.1498386092077695,7.279803124821149,23.843816067653268,52.49755938821996,0.38792645339569276,30.978169913079245,277.0,full,usable,2026-08-20,conditional,60.14,100.0,,,73.0,10.0,100.0,100.0,2.2.0,c8f1bf1665a8c5dfb834c0571e7dd5f6b6e5ccd00eab00295338bd42cfde549b
XOS,"Xos, Inc. - Common Stock",nasdaqtrader:Q:XOS,SECURITY:XOS:nasdaqtrader:Q:XOS,,common_equity,eligible,Q,,,3.72,7.46,,25953984.325079367,73.83177570093457,78.84615384615385,70.64220183486239,20.38834951456312,50.13404825737264,285.7474837100455,277.0,full,usable,2026-08-20,conditional,75.0,100.0,,,65.0,70.0,80.0,100.0,2.2.0,c8f1bf1665a8c5dfb834c0571e7dd5f6b6e5ccd00eab00295338bd42cfde549b
XP,XP Inc. - Class A Common Stock,nasdaqtrader:Q:XP,NAMECLASS:XP INC,,common_equity,eligible,Q,,,15.99,22.95,,86123508.35015874,-7.57225433526012,-9.609949123798767,-25.5586592178771,-0.06249999999999867,30.326797385620907,36.22723153319797,277.0,full,usable,2026-08-20,conditional,85.14,100.0,,,73.0,92.0,80.0,100.0,2.2.0,c8f1bf1665a8c5dfb834c0571e7dd5f6b6e5ccd00eab00295338bd42cfde549b
XPEL,"XPEL, Inc. - Common Stock",nasdaqtrader:Q:XPEL,SECURITY:XPEL:nasdaqtrader:Q:XPEL,,common_equity,eligible,Q,,,50.36,54.95,,11518650.807460317,18.160488033786958,11.391285113912852,0.3987240829346206,33.29804129168872,8.353048225659698,44.93374878096616,277.0,full,usable,2026-08-20,conditional,78.29,100.0,,,75.0,82.0,62.0,100.0,2.2.0,c8f1bf1665a8c5dfb834c0571e7dd5f6b6e5ccd00eab00295338bd42cfde549b
XPER,Xperi Inc. Common Stock,nasdaqtrader:N:XPER,SECURITY:XPER:nasdaqtrader:N:XPER,,common_equity,eligible,N,,,6.15,8.64,,3289246.8103174604,-17.670682730923694,-18.1091877496671,12.637362637362637,-0.32414910858994395,28.819444444444443,51.54614893463291,277.0,full,usable,2026-08-20,conditional,77.64,100.0,,,73.0,92.0,45.0,100.0,2.2.0,c8f1bf1665a8c5dfb834c0571e7dd5f6b6e5ccd00eab00295338bd42cfde549b
XPEV,"XPeng Inc. American depositary shares, each representing two Class A ordinary shares",nasdaqtrader:N:XPEV,SECURITY:XPEV:nasdaqtrader:N:XPEV,,adr,eligible,N,,,12.0,28.07,,98573987.5331746,-6.6147859922178975,-20.73976221928666,-32.3943661971831,-42.14079074252651,57.24973281083007,39.808015370189445,277.0,full,usable,2026-08-20,conditional,75.57,100.0,,,67.0,70.0,80.0,100.0,2.2.0,c8f1bf1665a8c5dfb834c0571e7dd5f6b6e5ccd00eab00295338bd42cfde549b
XPL,Solitario Resources Corp. Common Stock,nasdaqtrader:A:XPL,SECURITY:XPL:nasdaqtrader:A:XPL,,common_equity,eligible,A,,,0.791,0.949,,108778.33854920634,2.994791666666674,-5.956485554630831,7.472826086956519,6.733234381325071,16.649104320337194,35.73042714150856,277.0,full,usable,2026-08-20,rejected,66.14,100.0,,,79.0,82.0,0.0,100.0,2.2.0,c8f1bf1665a8c5dfb834c0571e7dd5f6b6e5ccd00eab00295338bd42cfde549b
XPO,"XPO, Inc. Common Stock",nasdaqtrader:N:XPO,SECURITY:XPO:nasdaqtrader:N:XPO,,common_equity,eligible,N,,,196.84,228.37,,279442440.2865079,-7.868008424994155,-6.591372846770738,-3.1966165043769035,49.75654290931224,13.806542015150846,35.47554485835768,277.0,full,usable,2026-08-20,conditional,88.14,100.0,,,87.0,82.0,92.0,100.0,2.2.0,c8f1bf1665a8c5dfb834c0571e7dd5f6b6e5ccd00eab00295338bd42cfde549b
XPOF,"Xponential Fitness, Inc. Class A Common Stock",nasdaqtrader:N:XPOF,NAMECLASS:XPONENTIAL FITNESS INC,,common_equity,eligible,N,,,5.06,9.07,,4765870.536031745,-17.04918032786885,-7.4954296160877565,-39.255702280912374,-44.63894967177243,44.211686879823596,78.40664824324422,277.0,full,usable,2026-08-20,conditional,77.0,100.0,,,67.0,95.0,45.0,100.0,2.2.0,c8f1bf1665a8c5dfb834c0571e7dd5f6b6e5ccd00eab00295338bd42cfde549b
XPON,Expion360 Inc. - Common Stock,nasdaqtrader:Q:XPON,SECURITY:XPON:nasdaqtrader:Q:XPON,,common_equity,eligible,Q,,,3.61,21.48,,985733.8113571429,1.1204481792717047,-42.25847728726807,-59.34684684684686,-82.4074074074074,83.19366852886407,108.92294246672725,277.0,full,usable,2026-08-20,rejected,35.57,100.0,,,37.0,30.0,0.0,100.0,2.2.0,c8f1bf1665a8c5dfb834c0571e7dd5f6b6e5ccd00eab00295338bd42cfde549b
XPRO,Expro Ltd Ordinary Shares,nasdaqtrader:N:XPRO,SECURITY:XPRO:nasdaqtrader:N:XPRO,,common_equity,eligible,N,,,18.41,18.96,,17612039.95365079,16.888888888888886,8.485562757807896,3.543307086614167,63.93588601959037,2.9008438818565407,43.53037183719352,277.0,full,usable,2026-08-20,conditional,54.86,100.0,,,83.0,10.0,62.0,100.0,2.2.0,c8f1bf1665a8c5dfb834c0571e7dd5f6b6e5ccd00eab00295338bd42cfde549b
XRAY,DENTSPLY SIRONA Inc. - Common Stock,nasdaqtrader:Q:XRAY,SECURITY:XRAY:nasdaqtrader:Q:XRAY,,common_equity,eligible,Q,,,10.78,14.68,,63573917.53888889,-18.764129615674452,9.55284552845528,-13.897763578274757,-23.164647184604426,26.56675749318801,54.71128429154584,277.0,full,usable,2026-08-20,conditional,81.71,100.0,,,61.0,92.0,80.0,100.0,2.2.0,c8f1bf1665a8c5dfb834c0571e7dd5f6b6e5ccd00eab00295338bd42cfde549b
XRN,Chiron Real Estate Inc. Common Stock,nasdaqtrader:N:XRN,SECURITY:XRN:nasdaqtrader:N:XRN,,common_equity,eligible,N,,,37.03,38.65,,4126501.8284126986,-0.24245689655171265,2.1517241379310326,2.8896915809947243,5.049645390070934,4.1914618369987,26.016638960740817,277.0,full,usable,2026-08-20,conditional,50.07,100.0,,,79.0,10.0,45.0,100.0,2.2.0,c8f1bf1665a8c5dfb834c0571e7dd5f6b6e5ccd00eab00295338bd42cfde549b
XRTX,XORTX Therapeutics Inc. - Common Shares,nasdaqtrader:Q:XRTX,SECURITY:XRTX:nasdaqtrader:Q:XRTX,,common_equity,eligible,Q,,,2.02,5.5,,35825.234334920635,0.4975124378109541,-16.872427983539097,3.589743589743599,-48.2051282051282,63.27272727272728,50.50192887163164,277.0,full,usable,2026-08-20,rejected,58.43,100.0,,,67.0,70.0,0.0,100.0,2.2.0,c8f1bf1665a8c5dfb834c0571e7dd5f6b6e5ccd00eab00295338bd42cfde549b
XRX,Xerox Holdings Corporation - Common Stock,nasdaqtrader:Q:XRX,SECURITY:XRX:nasdaqtrader:Q:XRX,,common_equity,eligible,Q,,,2.84,4.13,,13590828.507301588,6.766917293233066,11.811023622047244,52.68817204301073,-28.101265822784814,31.23486682808717,106.92024576447264,277.0,full,usable,2026-08-20,conditional,73.29,100.0,,,45.0,92.0,62.0,100.0,2.2.0,c8f1bf1665a8c5dfb834c0571e7dd5f6b6e5ccd00eab00295338bd42cfde549b
XSLL,Xsolla SPAC 1 - Class A Ordinary Shares,nasdaqtrader:Q:XSLL,NAMECLASS:XSOLLA SPAC 1,,common_equity,eligible,Q,,,9.97,9.97,,256100.45664285714,0.40281973816718164,0.7070707070707005,,,0.0,1.5854345548740327,108.0,insufficient,usable,2026-08-20,rejected,,71.43,,,,10.0,0.0,88.0,2.2.0,c8f1bf1665a8c5dfb834c0571e7dd5f6b6e5ccd00eab00295338bd42cfde549b
XTIA,"XTI Aerospace, Inc. Common Stock  - Common Stock",nasdaqtrader:Q:XTIA,SECURITY:XTIA:nasdaqtrader:Q:XTIA,,common_equity,eligible,Q,,,1.385,3.06,,2303625.348492063,-5.782312925170063,-18.529411764705884,-24.316939890710387,-20.402298850574706,54.738562091503276,70.07670289648438,277.0,full,usable,2026-08-20,conditional,69.79,100.0,,,73.0,70.0,45.0,100.0,2.2.0,c8f1bf1665a8c5dfb834c0571e7dd5f6b6e5ccd00eab00295338bd42cfde549b
XTLB,XTL Biopharmaceuticals Ltd. - American Depositary Shares,nasdaqtrader:Q:XTLB,SECURITY:XTLB:nasdaqtrader:Q:XTLB,,adr,eligible,Q,,,2.7619,32.8,,197870.860015873,-5.414383561643843,7.466926070038915,-22.353106550463874,-86.92282196969697,91.5795731707317,83.04963705408042,277.0,full,usable,2026-08-20,rejected,35.0,100.0,,,35.0,30.0,0.0,100.0,2.2.0,c8f1bf1665a8c5dfb834c0571e7dd5f6b6e5ccd00eab00295338bd42cfde549b
XTNT,"Xtant Medical Holdings, Inc. Common Stock",nasdaqtrader:A:XTNT,SECURITY:XTNT:nasdaqtrader:A:XTNT,,common_equity,eligible,A,,,0.3333,0.92,,59112.321761904765,-22.66821345707657,-28.33799182971405,-43.4125636672326,-46.24193548387097,63.77173913043479,108.87537487420262,277.0,full,usable,2026-08-20,rejected,58.43,100.0,,,67.0,70.0,0.0,100.0,2.2.0,c8f1bf1665a8c5dfb834c0571e7dd5f6b6e5ccd00eab00295338bd42cfde549b
XWEL,"XWELL, Inc. - Common Stock",nasdaqtrader:Q:XWEL,SECURITY:XWEL:nasdaqtrader:Q:XWEL,,common_equity,eligible,Q,,,0.9301,1.7,,130106.42088730159,-13.074766355140188,-36.2945205479452,138.54834572967425,-16.955357142857153,45.28823529411764,78.16357918502837,277.0,full,usable,2026-08-20,rejected,66.21,100.0,,,63.0,95.0,0.0,100.0,2.2.0,c8f1bf1665a8c5dfb834c0571e7dd5f6b6e5ccd00eab00295338bd42cfde549b
XXI,"Twenty One Capital, Inc. Class A Common Stock",nasdaqtrader:N:XXI,NAMECLASS:TWENTY ONE CAPITAL INC,,common_equity,eligible,N,,,6.19,25.65,,8091488.805238095,23.306772908366558,-20.539152759948642,-1.2759170653907415,-74.82716551443676,75.86744639376218,74.81041699840804,277.0,full,usable,2026-08-20,conditional,51.71,100.0,,,47.0,30.0,62.0,100.0,2.2.0,c8f1bf1665a8c5dfb834c0571e7dd5f6b6e5ccd00eab00295338bd42cfde549b
XXII,"22nd Century Group, Inc - Common Stock",nasdaqtrader:Q:XXII,SECURITY:XXII:nasdaqtrader:Q:XXII,,common_equity,eligible,Q,,,3.9285,657.0,,124204.27886666666,-7.889800703399752,-67.79918032786884,-96.84204180064309,-99.41540178571428,99.40205479452054,63.15594323840891,277.0,full,usable,2026-08-20,rejected,27.86,100.0,,,10.0,30.0,0.0,100.0,2.2.0,c8f1bf1665a8c5dfb834c0571e7dd5f6b6e5ccd00eab00295338bd42cfde549b
XYF,"X Financial American Depositary Shares, each representing six Class A Ordinary Shares",nasdaqtrader:N:XYF,SECURITY:XYF:nasdaqtrader:N:XYF,,adr,eligible,N,,,5.5,15.75,,358632.97055555554,16.03375527426161,15.789473684210531,7.421875,-55.35714285714286,65.07936507936508,37.78276405309018,277.0,full,usable,2026-08-20,rejected,40.71,100.0,,,55.0,30.0,0.0,100.0,2.2.0,c8f1bf1665a8c5dfb834c0571e7dd5f6b6e5ccd00eab00295338bd42cfde549b
XYL,Xylem Inc. Common Stock New,nasdaqtrader:N:XYL,SECURITY:XYL:nasdaqtrader:N:XYL,,common_equity,eligible,N,,,113.44,152.95,,220330929.52634922,-2.32478043740314,4.8235076695620105,-12.204937698320572,-20.01692166678418,25.831971232428895,31.903395190967604,277.0,full,usable,2026-08-20,conditional,87.71,100.0,,,73.0,92.0,92.0,100.0,2.2.0,c8f1bf1665a8c5dfb834c0571e7dd5f6b6e5ccd00eab00295338bd42cfde549b
XYZ,"Block, Inc. Class A Common Stock,",nasdaqtrader:N:XYZ,SECURITY:XYZ:nasdaqtrader:N:XYZ,,common_equity,eligible,N,,,80.08,84.64,,419147362.6326984,3.382390911438171,12.963746649739027,51.4085838532804,7.779273216689098,5.3875236294896105,38.786240962113276,277.0,full,usable,2026-08-20,conditional,60.29,100.0,,,57.0,28.0,92.0,100.0,2.2.0,c8f1bf1665a8c5dfb834c0571e7dd5f6b6e5ccd00eab00295338bd42cfde549b
XZO,"Exzeo Group, Inc. Common Stock",nasdaqtrader:N:XZO,SECURITY:XZO:nasdaqtrader:N:XZO,,common_equity,eligible,N,,,16.18,24.25,,3112237.4469841267,1.8891687657430767,26.012461059190038,-0.6142506142506221,,33.27835051546392,51.69761496021841,198.0,limited_but_usable,usable,2026-08-20,conditional,70.21,100.0,,,47.0,92.0,45.0,100.0,2.2.0,c8f1bf1665a8c5dfb834c0571e7dd5f6b6e5ccd00eab00295338bd42cfde549b
YAAS,Youxin Technology Ltd - Class A Ordinary shares,nasdaqtrader:Q:YAAS,NAMECLASS:YOUXIN TECHNOLOGY LTD,,common_equity,eligible,Q,,,2.84,144.24,,225906.727015873,-24.226254002134485,-29.54601835772761,-55.96899224806202,-98.07588075880759,98.03105934553523,135.77840448664554,277.0,full,usable,2026-08-20,rejected,35.57,100.0,,,37.0,30.0,0.0,100.0,2.2.0,c8f1bf1665a8c5dfb834c0571e7dd5f6b6e5ccd00eab00295338bd42cfde549b
YALA,"Yalla Group Limited American Depositary Shares, each representing one Class A Ordinary Share",nasdaqtrader:N:YALA,SECURITY:YALA:nasdaqtrader:N:YALA,,adr,eligible,N,,,5.53,7.9,,1821607.4522222222,2.9795158286778367,-8.896210873146625,-23.300970873786408,-28.645161290322573,30.000000000000004,25.294935434108663,277.0,full,usable,2026-08-20,rejected,66.29,100.0,,,67.0,92.0,0.0,100.0,2.2.0,c8f1bf1665a8c5dfb834c0571e7dd5f6b6e5ccd00eab00295338bd42cfde549b
YARW,"Yarrow Bioscience, Inc. - Common Stock",nasdaqtrader:Q:YARW,SECURITY:YARW:nasdaqtrader:Q:YARW,,common_equity,eligible,Q,,,38.2,46.17,,731437.0204761905,-14.884135472370764,12.917528820573466,27.375791930643565,129.42942942942946,17.26229153129738,196.67882309144085,277.0,full,usable,2026-08-20,rejected,64.43,100.0,,,73.0,82.0,0.0,100.0,2.2.0,c8f1bf1665a8c5dfb834c0571e7dd5f6b6e5ccd00eab00295338bd42cfde549b
YB,Yuanbao Inc. - American Depositary Shares,nasdaqtrader:Q:YB,SECURITY:YB:nasdaqtrader:Q:YB,,adr,eligible,Q,,,13.4,29.92,,589826.2516666666,-1.9751280175566932,-6.030855539971947,-32.86573146292585,-47.98136645962733,55.213903743315505,46.149893832149836,277.0,full,usable,2026-08-20,rejected,58.43,100.0,,,67.0,70.0,0.0,100.0,2.2.0,c8f1bf1665a8c5dfb834c0571e7dd5f6b6e5ccd00eab00295338bd42cfde549b
YCBD,"cbdMD, Inc. Common Stock",nasdaqtrader:A:YCBD,SECURITY:YCBD:nasdaqtrader:A:YCBD,,common_equity,eligible,A,,,0.505,2.27,,128363.54877619048,-12.326388888888884,-32.48663101604278,-44.56641053787047,-19.48341836734694,77.7533039647577,85.34961444975049,277.0,full,usable,2026-08-20,rejected,45.86,100.0,,,73.0,30.0,0.0,100.0,2.2.0,c8f1bf1665a8c5dfb834c0571e7dd5f6b6e5ccd00eab00295338bd42cfde549b
YDDL,One and One Green Technologies. INC - Class A Ordinary Shares,nasdaqtrader:Q:YDDL,NAMECLASS:ONE AND ONE GREEN TECHNOLOGIES INC,,common_equity,eligible,Q,,,1.82,15.34,,66806.59685714285,-6.666666666666665,-50.943396226415096,-72.46596066565809,,88.13559322033898,52.43472838690474,217.0,limited_but_usable,usable,2026-08-20,rejected,35.57,100.0,,,37.0,30.0,0.0,100.0,2.2.0,c8f1bf1665a8c5dfb834c0571e7dd5f6b6e5ccd00eab00295338bd42cfde549b
YDES,YD Bio Limited - Ordinary Shares,nasdaqtrader:Q:YDES,SECURITY:YDES:nasdaqtrader:Q:YDES,,common_equity,eligible,Q,,,4.7858,23.11,,337217.3371126984,116.55203619909504,5.182417582417598,-45.61590909090909,,79.2912159238425,107.55835500526216,245.0,limited_but_usable,usable,2026-08-20,rejected,38.43,100.0,,,47.0,30.0,0.0,100.0,2.2.0,c8f1bf1665a8c5dfb834c0571e7dd5f6b6e5ccd00eab00295338bd42cfde549b
YDKG,Yueda Digital Holding - Class A Ordinary Share,nasdaqtrader:Q:YDKG,NAMECLASS:YUEDA DIGITAL HOLDING,,common_equity,eligible,Q,,,1.09,555.0,,96500.44828253968,13.082269945015046,39.74358974358976,21.651785714285722,-99.61484098939928,99.8036036036036,72.5107263073957,277.0,full,usable,2026-08-20,rejected,32.14,100.0,,,25.0,30.0,0.0,100.0,2.2.0,c8f1bf1665a8c5dfb834c0571e7dd5f6b6e5ccd00eab00295338bd42cfde549b
YELP,Yelp Inc. Common Stock,nasdaqtrader:N:YELP,SECURITY:YELP:nasdaqtrader:N:YELP,,common_equity,eligible,N,,,23.6,33.83,,29608921.19920635,-4.8770656993147865,5.028927458834009,9.869646182495352,-23.870967741935477,30.23943245639964,50.2907605687031,277.0,full,usable,2026-08-20,conditional,81.71,100.0,,,61.0,92.0,80.0,100.0,2.2.0,c8f1bf1665a8c5dfb834c0571e7dd5f6b6e5ccd00eab00295338bd42cfde549b
YETI,"YETI Holdings, Inc. Common Stock",nasdaqtrader:N:YETI,SECURITY:YETI:nasdaqtrader:N:YETI,,common_equity,eligible,N,,,44.0,52.68,,69973476.4647619,-14.992272024729514,-1.4998880680546223,-6.502337441563966,27.351664254703344,16.47684130599848,46.42318877194714,277.0,full,usable,2026-08-20,conditional,85.57,100.0,,,87.0,82.0,80.0,100.0,2.2.0,c8f1bf1665a8c5dfb834c0571e7dd5f6b6e5ccd00eab00295338bd42cfde549b
YEXT,"Yext, Inc. Common Stock",nasdaqtrader:N:YEXT,SECURITY:YEXT:nasdaqtrader:N:YEXT,,common_equity,eligible,N,,,6.24,9.16,,5751695.516825397,25.806451612903224,73.81615598885796,12.432432432432439,-28.440366972477072,31.877729257641917,51.0840286885797,277.0,full,usable,2026-08-20,conditional,76.14,100.0,,,55.0,92.0,62.0,100.0,2.2.0,c8f1bf1665a8c5dfb834c0571e7dd5f6b6e5ccd00eab00295338bd42cfde549b
YHC,LQR House Inc. - Common Stock,nasdaqtrader:Q:YHC,SECURITY:YHC:nasdaqtrader:Q:YHC,,common_equity,eligible,Q,,,1.87,111.0,,1744736.9185714286,1.0810810810810922,-98.08773903262093,-97.9587381290252,-97.88891397606683,98.31531531531532,151.03189103517363,277.0,full,usable,2026-08-20,rejected,25.0,100.0,,,0.0,30.0,0.0,100.0,2.2.0,c8f1bf1665a8c5dfb834c0571e7dd5f6b6e5ccd00eab00295338bd42cfde549b
YHGJ,Yunhong Green CTI Ltd. - Common Stock,nasdaqtrader:Q:YHGJ,SECURITY:YHGJ:nasdaqtrader:Q:YHGJ,,common_equity,eligible,Q,,,3.4,9.32,,19309.931944444445,13.33333333333333,3.340324002309969,32.295719844357976,-33.21547829503045,63.519313304721024,91.67161573999947,277.0,full,usable,2026-08-20,rejected,55.57,100.0,,,57.0,70.0,0.0,100.0,2.2.0,c8f1bf1665a8c5dfb834c0571e7dd5f6b6e5ccd00eab00295338bd42cfde549b
YI,"111, Inc. - American Depositary Shares",nasdaqtrader:Q:YI,SECURITY:YI:nasdaqtrader:Q:YI,,adr,eligible,Q,,,3.44,8.38,,90899.05831746031,-9.473684210526311,-39.9650959860384,-58.40386940749698,-50.857142857142854,58.94988066825776,74.01284210372194,277.0,full,usable,2026-08-20,rejected,55.57,100.0,,,57.0,70.0,0.0,100.0,2.2.0,c8f1bf1665a8c5dfb834c0571e7dd5f6b6e5ccd00eab00295338bd42cfde549b
YIBO,Planet Image International Limited - Class A Ordinary Shares,nasdaqtrader:Q:YIBO,NAMECLASS:PLANET IMAGE INTERNATIONAL LIMITED,,common_equity,eligible,Q,,,1.36,1.57,,53888.89696984127,3.8167938931297662,47.82608695652175,49.45054945054945,8.800000000000008,13.375796178343947,87.69128322565997,277.0,full,usable,2026-08-20,rejected,59.86,100.0,,,57.0,82.0,0.0,100.0,2.2.0,c8f1bf1665a8c5dfb834c0571e7dd5f6b6e5ccd00eab00295338bd42cfde549b
YICC,Yorkville International Capital Corp. - Class A Ordinary Shares,nasdaqtrader:Q:YICC,NAMECLASS:YORKVILLE INTERNATIONAL CAPITAL CORP,,common_equity,eligible,Q,,,9.91,9.945,,400235.2844827586,0.5070993914807476,,,,0.35193564605329186,,29.0,insufficient,usable,2026-08-20,rejected,,71.43,,,,10.0,0.0,64.0,2.2.0,c8f1bf1665a8c5dfb834c0571e7dd5f6b6e5ccd00eab00295338bd42cfde549b
YJ,Yunji Inc. - American Depository Shares,nasdaqtrader:Q:YJ,SECURITY:YJ:nasdaqtrader:Q:YJ,,adr,eligible,Q,,,3.98,4.25,,12204084.056592064,192.62554223954118,122.34636871508377,184.2857142857143,134.11764705882354,6.352941176470583,411.7619135882854,277.0,full,usable,2026-08-20,conditional,58.43,100.0,,,73.0,28.0,62.0,100.0,2.2.0,c8f1bf1665a8c5dfb834c0571e7dd5f6b6e5ccd00eab00295338bd42cfde549b
YMAT,"J-Star Holding Co., Ltd. - Class A Ordinary Shares",nasdaqtrader:Q:YMAT,NAMECLASS:J STAR HOLDING CO LTD,,common_equity,eligible,Q,,,1.87,28.7,,6908722.011380953,-10.526315789473673,-40.91627172195892,-2.857142857142858,-93.04832713754647,93.48432055749129,117.06397672776203,267.0,full,usable,2026-08-20,conditional,51.71,100.0,,,47.0,30.0,62.0,100.0,2.2.0,c8f1bf1665a8c5dfb834c0571e7dd5f6b6e5ccd00eab00295338bd42cfde549b
YMM,Full Truck Alliance Co. Ltd. American Depositary Shares (each representing 20 Class A Ordinary Shares),nasdaqtrader:N:YMM,SECURITY:YMM:nasdaqtrader:N:YMM,,adr,eligible,N,,,8.62,14.0,,78101278.09793651,-5.170517051705181,1.8912529550827228,-9.832635983263616,-21.134492223238798,38.42857142857143,31.97235398033002,277.0,full,usable,2026-08-20,conditional,86.21,100.0,,,73.0,95.0,80.0,100.0,2.2.0,c8f1bf1665a8c5dfb834c0571e7dd5f6b6e5ccd00eab00295338bd42cfde549b
YORW,The York Water Company - Common Stock,nasdaqtrader:Q:YORW,SECURITY:YORW:nasdaqtrader:Q:YORW,,common_equity,eligible,Q,,,34.2,34.2,,4482849.416190477,10.109465550547348,16.01085481682498,4.109589041095885,9.510086455331423,0.0,21.224523471167284,277.0,full,usable,2026-08-20,conditional,46.64,100.0,,,67.0,10.0,45.0,100.0,2.2.0,c8f1bf1665a8c5dfb834c0571e7dd5f6b6e5ccd00eab00295338bd42cfde549b
YOU,"Clear Secure, Inc. Class A Common Stock",nasdaqtrader:N:YOU,NAMECLASS:CLEAR SECURE INC,,common_equity,eligible,N,,,42.9,62.36,,80469038.3315873,-17.973231357552578,-30.817610062893085,28.059701492537314,26.17647058823529,31.20590121872996,51.89483589972964,277.0,full,usable,2026-08-20,conditional,86.29,100.0,,,77.0,92.0,80.0,100.0,2.2.0,c8f1bf1665a8c5dfb834c0571e7dd5f6b6e5ccd00eab00295338bd42cfde549b
YPF,YPF Sociedad Anonima American Depositary Shares,nasdaqtrader:N:YPF,SECURITY:YPF:nasdaqtrader:N:YPF,,adr,eligible,N,,,50.92,56.35,,78285077.00761904,-3.0279946676823433,8.179307414489067,32.259740259740255,59.27431967469503,9.636202307009755,38.148035779024845,277.0,full,usable,2026-08-20,conditional,81.57,100.0,,,73.0,82.0,80.0,100.0,2.2.0,c8f1bf1665a8c5dfb834c0571e7dd5f6b6e5ccd00eab00295338bd42cfde549b
YQ,17 Education & Technology Group Inc. - American Depositary Shares,nasdaqtrader:Q:YQ,SECURITY:YQ:nasdaqtrader:Q:YQ,,adr,eligible,Q,,,2.45,6.23,,15297.928563492063,9.865470852017943,-7.19696969696969,-30.888575458392097,24.365482233502544,60.67415730337078,94.09204485225642,277.0,full,usable,2026-08-20,rejected,64.14,100.0,,,87.0,70.0,0.0,100.0,2.2.0,c8f1bf1665a8c5dfb834c0571e7dd5f6b6e5ccd00eab00295338bd42cfde549b
YRD,"Yiren Digital Ltd. American Depositary Shares, each representing two ordinary shares",nasdaqtrader:N:YRD,SECURITY:YRD:nasdaqtrader:N:YRD,,adr,eligible,N,,,1.14,6.6,,1523582.2107523808,-8.800000000000008,-40.0,-70.0,-80.74324324324324,82.72727272727273,44.37805544515106,277.0,full,usable,2026-08-20,rejected,35.57,100.0,,,37.0,30.0,0.0,100.0,2.2.0,c8f1bf1665a8c5dfb834c0571e7dd5f6b6e5ccd00eab00295338bd42cfde549b
YSG,"Yatsen Holding Limited American Depositary Shares, each representing twenty (20) Class A Ordinary Shares",nasdaqtrader:N:YSG,SECURITY:YSG:nasdaqtrader:N:YSG,,adr,eligible,N,,,2.98,10.6,,459408.62603174604,-13.372093023255815,36.073059360730596,-30.046948356807512,-68.56540084388185,71.88679245283018,55.76177524055337,277.0,full,usable,2026-08-20,rejected,40.71,100.0,,,55.0,30.0,0.0,100.0,2.2.0,c8f1bf1665a8c5dfb834c0571e7dd5f6b6e5ccd00eab00295338bd42cfde549b
YSS,York Space Systems Inc. Common Stock,nasdaqtrader:N:YSS,SECURITY:YSS:nasdaqtrader:N:YSS,,common_equity,eligible,N,,,9.2,43.45,,43619885.15285715,-48.08126410835214,-64.41005802707932,-67.79838991949599,,78.82623705408515,111.74223010454905,141.0,limited_but_usable,usable,2026-08-20,conditional,52.71,100.0,,,37.0,30.0,80.0,100.0,2.2.0,c8f1bf1665a8c5dfb834c0571e7dd5f6b6e5ccd00eab00295338bd42cfde549b
YSWY,"Yesway, Inc. - Class A Common Stock",nasdaqtrader:Q:YSWY,NAMECLASS:YESWAY INC,,common_equity,eligible,Q,,,24.62,28.16,,10076543.983015873,23.470411233701107,6.533967979229782,,,12.57102272727273,58.6788557308012,84.0,insufficient,usable,2026-08-20,recheck,,71.43,,,,82.0,62.0,88.0,2.2.0,c8f1bf1665a8c5dfb834c0571e7dd5f6b6e5ccd00eab00295338bd42cfde549b
YSXT,"YSX Tech. Co., Ltd  - Class A Ordinary Shares",nasdaqtrader:Q:YSXT,NAMECLASS:YSX TECH CO LTD,,common_equity,eligible,Q,,,1.06,3.17,,175828.02942222223,27.710843373493987,3.9215686274509887,-5.35714285714286,-60.0,66.5615141955836,156.83246627949944,277.0,full,usable,2026-08-20,rejected,44.14,100.0,,,67.0,30.0,0.0,100.0,2.2.0,c8f1bf1665a8c5dfb834c0571e7dd5f6b6e5ccd00eab00295338bd42cfde549b
YUM,"Yum! Brands, Inc.",qrgf-resolution-required:N:YUM,SECURITY:YUM:qrgf-resolution-required:N:YUM,,common_equity,eligible,N,,,152.33,168.16,,389337959.5452381,3.2255878566104457,-0.24883766616462522,-6.820406165891835,0.21051246628511766,9.413653663177913,32.728799655159456,277.0,full,usable,2026-08-20,conditional,85.86,100.0,,,79.0,82.0,92.0,100.0,2.2.0,c8f1bf1665a8c5dfb834c0571e7dd5f6b6e5ccd00eab00295338bd42cfde549b
YUMC,"Yum China Holdings, Inc. Common Stock",nasdaqtrader:N:YUMC,SECURITY:YUMC:nasdaqtrader:N:YUMC,,common_equity,eligible,N,,,48.88,57.95,,74712468.90714285,12.574850299401197,7.310647639956103,-10.492583775865217,9.818018422826347,15.651423641069883,24.49192594401555,277.0,full,usable,2026-08-20,conditional,79.86,100.0,,,67.0,82.0,80.0,100.0,2.2.0,c8f1bf1665a8c5dfb834c0571e7dd5f6b6e5ccd00eab00295338bd42cfde549b
YXT,YXT.COM GROUP HOLDING LIMITED - American Depository Shares,nasdaqtrader:Q:YXT,SECURITY:YXT:nasdaqtrader:Q:YXT,,adr,eligible,Q,,,3.0401,23.43,,24256958.908231746,-4.996875000000012,-37.95714285714287,-44.735502635884394,-64.65,87.02475458813487,751.2247590155439,277.0,full,usable,2026-08-20,conditional,57.43,100.0,,,67.0,30.0,62.0,100.0,2.2.0,c8f1bf1665a8c5dfb834c0571e7dd5f6b6e5ccd00eab00295338bd42cfde549b
YYAI,AiRWA Inc. - Common Stock,nasdaqtrader:Q:YYAI,SECURITY:YYAI:nasdaqtrader:Q:YYAI,,common_equity,eligible,Q,,,1.19,195999.99999923,,3292531.688888889,-99.2740804001708,-99.45161290322581,-99.85416666666667,-99.99938533057852,99.99939285714285,626.2696212638618,277.0,full,usable,2026-08-20,conditional,34.64,100.0,,,0.0,30.0,45.0,100.0,2.2.0,c8f1bf1665a8c5dfb834c0571e7dd5f6b6e5ccd00eab00295338bd42cfde549b
YYGH,YY Group Holding Limited - Class A Ordinary Shares,nasdaqtrader:Q:YYGH,NAMECLASS:YY GROUP HOLDING LIMITED,,common_equity,eligible,Q,,,1.18,3840.0,,5245824.559492064,-12.915129151291517,-93.45898004434589,-99.60666666666667,-99.95837742504409,99.96927083333334,104.24552535577325,277.0,full,usable,2026-08-20,conditional,38.29,100.0,,,0.0,30.0,62.0,100.0,2.2.0,c8f1bf1665a8c5dfb834c0571e7dd5f6b6e5ccd00eab00295338bd42cfde549b
Z,"Zillow Group, Inc. - Class C Capital Stock",nasdaqtrader:Q:Z,NAMECLASS:ZILLOW GROUP INC,,common_equity,eligible,Q,,,35.715,90.32,,147378782.83849207,13.887117346938794,-2.0701946805593563,-21.59165751920965,-57.22754491017963,60.45726306465898,57.356467671268796,277.0,full,usable,2026-08-20,conditional,78.14,100.0,,,67.0,70.0,92.0,100.0,2.2.0,c8f1bf1665a8c5dfb834c0571e7dd5f6b6e5ccd00eab00295338bd42cfde549b
ZBH,"Zimmer Biomet Holdings, Inc. Common Stock",nasdaqtrader:N:ZBH,SECURITY:ZBH:nasdaqtrader:N:ZBH,,common_equity,eligible,N,,,98.97,107.71,,212818029.95047617,11.603518267929624,15.917076598735068,-0.28211586901762953,-5.11935576646535,8.114381208801403,31.818565390390052,277.0,full,usable,2026-08-20,conditional,80.71,100.0,,,61.0,82.0,92.0,100.0,2.2.0,c8f1bf1665a8c5dfb834c0571e7dd5f6b6e5ccd00eab00295338bd42cfde549b
ZBIO,"Zenas BioPharma, Inc. - Common Stock",nasdaqtrader:Q:ZBIO,SECURITY:ZBIO:nasdaqtrader:Q:ZBIO,,common_equity,eligible,Q,,,31.62,43.17,,22165298.007301588,0.4128294696729151,61.65644171779143,17.02442635085122,99.49526813880128,26.754690757470467,53.224793347450984,277.0,full,usable,2026-08-20,conditional,81.29,100.0,,,73.0,92.0,62.0,100.0,2.2.0,c8f1bf1665a8c5dfb834c0571e7dd5f6b6e5ccd00eab00295338bd42cfde549b
ZBRA,Zebra Technologies Corporation - Class A Common Stock,nasdaqtrader:Q:ZBRA,NAMECLASS:ZEBRA TECHNOLOGIES CORPORATION,,common_equity,eligible,Q,,,360.52,383.06,,254424465.79968253,37.21027592768791,48.075738283977486,43.21124970207355,15.52906492341215,5.884195687359684,75.74301336210486,277.0,full,usable,2026-08-20,conditional,62.57,100.0,,,65.0,28.0,92.0,100.0,2.2.0,c8f1bf1665a8c5dfb834c0571e7dd5f6b6e5ccd00eab00295338bd42cfde549b
ZCMD,Zhongchao Inc. - Class A Ordinary Shares,nasdaqtrader:Q:ZCMD,NAMECLASS:ZHONGCHAO INC,,common_equity,eligible,Q,,,0.9602,930.0,,15343542.261844443,-77.61771561771562,-99.34653600108888,-99.36296689444703,-99.86413481810592,99.89675268817204,441.34929181754893,277.0,full,usable,2026-08-20,conditional,38.29,100.0,,,0.0,30.0,62.0,100.0,2.2.0,c8f1bf1665a8c5dfb834c0571e7dd5f6b6e5ccd00eab00295338bd42cfde549b
ZD,"Ziff Davis, Inc. - Common Stock",nasdaqtrader:Q:ZD,SECURITY:ZD:nasdaqtrader:Q:ZD,,common_equity,eligible,Q,,,55.4,55.91,,32394295.037539683,6.089620834929144,30.876446964327897,81.87787261982929,48.76476906552094,0.9121802897513853,35.151078653220466,277.0,full,usable,2026-08-20,conditional,53.57,100.0,,,65.0,10.0,80.0,100.0,2.2.0,c8f1bf1665a8c5dfb834c0571e7dd5f6b6e5ccd00eab00295338bd42cfde549b
ZDAI,"DirectBooking Technology Co., Ltd. - Class A Ordinary Shares",nasdaqtrader:Q:ZDAI,NAMECLASS:DIRECTBOOKING TECHNOLOGY CO LTD,,common_equity,eligible,Q,,,1.6,11.74,,953240.6542698413,-10.11235955056179,-11.602209944751374,-69.81132075471697,-78.73188887411938,86.37137989778535,50.170727238818145,277.0,full,usable,2026-08-20,rejected,35.57,100.0,,,37.0,30.0,0.0,100.0,2.2.0,c8f1bf1665a8c5dfb834c0571e7dd5f6b6e5ccd00eab00295338bd42cfde549b
ZDGE,"Zedge, Inc. Class B Common Stock",nasdaqtrader:A:ZDGE,NAMECLASS:ZEDGE INC,,common_equity,eligible,A,,,2.88,4.16,,445916.86968253966,-4.635761589403975,-4.950495049504944,-12.195121951219512,-7.987220447284349,30.76923076923077,32.02574637857014,277.0,full,usable,2026-08-20,rejected,68.0,100.0,,,73.0,92.0,0.0,100.0,2.2.0,c8f1bf1665a8c5dfb834c0571e7dd5f6b6e5ccd00eab00295338bd42cfde549b
ZENA,"ZenaTech, Inc. - Common Stock",nasdaqtrader:Q:ZENA,SECURITY:ZENA:nasdaqtrader:Q:ZENA,,common_equity,eligible,Q,,,1.91,6.69,,6899814.125396825,26.490066225165563,52.800000000000004,-29.779411764705888,-58.296943231441055,71.44992526158445,83.71732484864674,277.0,full,usable,2026-08-20,conditional,54.0,100.0,,,55.0,30.0,62.0,100.0,2.2.0,c8f1bf1665a8c5dfb834c0571e7dd5f6b6e5ccd00eab00295338bd42cfde549b
ZEPP,"Zepp Health Corporation American depositary shares, each representing sixteen Class A ordinary shares",nasdaqtrader:N:ZEPP,SECURITY:ZEPP:nasdaqtrader:N:ZEPP,,adr,eligible,N,,,5.36,61.27,,572583.2926984127,3.47490347490349,-39.16004540295119,-76.1353517364203,-86.31955079122001,91.25183613513954,58.38187069365024,277.0,full,usable,2026-08-20,rejected,31.29,100.0,,,22.0,30.0,0.0,100.0,2.2.0,c8f1bf1665a8c5dfb834c0571e7dd5f6b6e5ccd00eab00295338bd42cfde549b
ZETA,Zeta Global Holdings Corp. Class A Common Stock,nasdaqtrader:N:ZETA,NAMECLASS:ZETA GLOBAL HOLDINGS CORP,,common_equity,eligible,N,,,27.85,29.62,,208408026.14698413,38.00792864222002,51.853871319520174,77.61479591836735,46.50184113624407,5.9756920999324725,65.82130116193817,277.0,full,usable,2026-08-20,conditional,62.57,100.0,,,65.0,28.0,92.0,100.0,2.2.0,c8f1bf1665a8c5dfb834c0571e7dd5f6b6e5ccd00eab00295338bd42cfde549b
ZG,"Zillow Group, Inc. - Class A Common Stock",nasdaqtrader:Q:ZG,NAMECLASS:ZILLOW GROUP INC,,common_equity,eligible,Q,,,36.57,86.76,,44868561.78357142,16.650717703349272,-0.9479956663055344,-19.696969696969692,-54.29321334833146,57.84923928077455,58.991175987124265,277.0,full,usable,2026-08-20,conditional,75.57,100.0,,,67.0,70.0,80.0,100.0,2.2.0,c8f1bf1665a8c5dfb834c0571e7dd5f6b6e5ccd00eab00295338bd42cfde549b
ZGN,Ermenegildo Zegna N.V. Ordinary Shares,nasdaqtrader:N:ZGN,SECURITY:ZGN:nasdaqtrader:N:ZGN,,common_equity,eligible,N,,,13.63,15.25,,17610422.343174607,-1.8011527377521652,1.86846038863977,18.935427574171037,69.52736318407963,10.622950819672127,39.76667837360328,277.0,full,usable,2026-08-20,conditional,81.14,100.0,,,85.0,82.0,62.0,100.0,2.2.0,c8f1bf1665a8c5dfb834c0571e7dd5f6b6e5ccd00eab00295338bd42cfde549b
ZH,"Zhihu Inc. American Depositary Shares, each representing three (3) Class A Ordinary Shares",nasdaqtrader:N:ZH,SECURITY:ZH:nasdaqtrader:N:ZH,,adr,eligible,N,,,3.21,5.42,,617256.4576190476,2.2292993630573132,3.2154340836012985,-8.806818181818187,-36.9351669941061,40.77490774907749,24.534613029671306,277.0,full,usable,2026-08-20,rejected,67.36,100.0,,,67.0,95.0,0.0,100.0,2.2.0,c8f1bf1665a8c5dfb834c0571e7dd5f6b6e5ccd00eab00295338bd42cfde549b
ZIM,ZIM Integrated Shipping Services Ltd. Ordinary Shares,nasdaqtrader:N:ZIM,SECURITY:ZIM:nasdaqtrader:N:ZIM,,common_equity,eligible,N,,,27.16,29.27,,36218524.88460317,8.596561375449818,7.949125596184414,-6.922549691569568,74.66237942122184,7.2087461564741995,44.25748301225132,277.0,full,usable,2026-08-20,conditional,65.14,100.0,,,83.0,28.0,80.0,100.0,2.2.0,c8f1bf1665a8c5dfb834c0571e7dd5f6b6e5ccd00eab00295338bd42cfde549b
ZION,Zions Bancorporation N.A. - Common Stock,nasdaqtrader:Q:ZION,SECURITY:ZION:nasdaqtrader:Q:ZION,,common_equity,eligible,Q,,,67.89,73.31,,111115650.99428572,-3.1111745397459534,10.014584346135159,10.426154847104762,27.756868648852095,7.393261492293002,23.33752236129058,277.0,full,usable,2026-08-20,conditional,65.43,100.0,,,75.0,28.0,92.0,100.0,2.2.0,c8f1bf1665a8c5dfb834c0571e7dd5f6b6e5ccd00eab00295338bd42cfde549b
ZIP,"ZipRecruiter, Inc. Class A Common Stock",nasdaqtrader:N:ZIP,NAMECLASS:ZIPRECRUITER INC,,common_equity,eligible,N,,,5.17,5.49,,2919260.888253968,31.552162849872765,54.32835820895521,145.02369668246448,19.12442396313365,5.828779599271405,65.5382705453405,277.0,full,usable,2026-08-20,conditional,52.5,100.0,,,65.0,28.0,45.0,100.0,2.2.0,c8f1bf1665a8c5dfb834c0571e7dd5f6b6e5ccd00eab00295338bd42cfde549b
ZJK,"ZJK Industrial Co., Ltd. - Class A Ordinary Shares",nasdaqtrader:Q:ZJK,NAMECLASS:ZJK INDUSTRIAL CO LTD,,common_equity,eligible,Q,,,1.82,3.93,,43241.15386984127,-5.699481865284972,-29.729729729729726,6.432748538011701,-46.312684365781706,53.68956743002544,80.71756893410739,277.0,full,usable,2026-08-20,rejected,58.43,100.0,,,67.0,70.0,0.0,100.0,2.2.0,c8f1bf1665a8c5dfb834c0571e7dd5f6b6e5ccd00eab00295338bd42cfde549b
ZJYL,JIN MEDICAL INTERNATIONAL LTD. - Class A Ordinary Shares,nasdaqtrader:Q:ZJYL,NAMECLASS:JIN MEDICAL INTERNATIONAL LTD,,common_equity,eligible,Q,,,3.03,17.0,,2606747.2565634917,27.31092436974789,32.89473684210527,8.214285714285708,-74.91721854304636,82.17647058823529,138.44129122437894,277.0,full,usable,2026-08-20,conditional,44.64,100.0,,,35.0,30.0,45.0,100.0,2.2.0,c8f1bf1665a8c5dfb834c0571e7dd5f6b6e5ccd00eab00295338bd42cfde549b
ZKH,"ZKH Group Limited American Depositary Shares, each representing thirty-five (35) Class A Ordinary Shares",nasdaqtrader:N:ZKH,SECURITY:ZKH:nasdaqtrader:N:ZKH,,adr,eligible,N,,,2.9,3.79,,277468.4492063492,-2.0270270270270285,-1.6949152542372947,-20.98092643051771,-3.0100334448160626,23.482849604221634,30.848098546779116,277.0,full,usable,2026-08-20,rejected,68.0,100.0,,,73.0,92.0,0.0,100.0,2.2.0,c8f1bf1665a8c5dfb834c0571e7dd5f6b6e5ccd00eab00295338bd42cfde549b
ZKIN,"ZK International Group Co., Ltd - Ordinary Share",nasdaqtrader:Q:ZKIN,SECURITY:ZKIN:nasdaqtrader:Q:ZKIN,,common_equity,eligible,Q,,,1.0105,3.09,,37677.69548095238,-27.302158273381295,-34.80645161290323,-28.838028169014084,-45.06958034355295,67.29773462783172,59.75175147828018,277.0,full,usable,2026-08-20,rejected,44.14,100.0,,,67.0,30.0,0.0,100.0,2.2.0,c8f1bf1665a8c5dfb834c0571e7dd5f6b6e5ccd00eab00295338bd42cfde549b
ZLAB,Zai Lab Limited - American Depositary Shares,nasdaqtrader:Q:ZLAB,SECURITY:ZLAB:nasdaqtrader:Q:ZLAB,,adr,eligible,Q,,,26.02,35.04,,20419773.705555554,26.926829268292686,38.33067517278044,29.581673306772927,-26.580135440180584,25.742009132420097,66.41602978675168,277.0,full,usable,2026-08-20,conditional,73.29,100.0,,,45.0,92.0,62.0,100.0,2.2.0,c8f1bf1665a8c5dfb834c0571e7dd5f6b6e5ccd00eab00295338bd42cfde549b
ZM,"Zoom Communications, Inc. - Class A Common Stock",nasdaqtrader:Q:ZM,NAMECLASS:ZOOM COMMUNICATIONS INC,,common_equity,eligible,Q,,,106.3,111.88,,361566591.20690477,23.878335858291578,6.920136793401732,16.864555848724727,47.25031167751765,4.987486592777978,37.39736065392469,277.0,full,usable,2026-08-20,conditional,56.14,100.0,,,65.0,10.0,92.0,100.0,2.2.0,c8f1bf1665a8c5dfb834c0571e7dd5f6b6e5ccd00eab00295338bd42cfde549b
ZNB,Zeta Network Group - Class A Ordinary Shares,nasdaqtrader:Q:ZNB,NAMECLASS:ZETA NETWORK GROUP,,common_equity,eligible,Q,,,1.98,2720.0,,2573015.4354126984,-16.455696202531655,-84.90853658536585,-98.97388059701493,-99.92067307692307,99.92720588235294,161.4481410054634,277.0,full,usable,2026-08-20,conditional,34.64,100.0,,,0.0,30.0,45.0,100.0,2.2.0,c8f1bf1665a8c5dfb834c0571e7dd5f6b6e5ccd00eab00295338bd42cfde549b
ZNTL,"Zentalis Pharmaceuticals, Inc. - common stock",nasdaqtrader:Q:ZNTL,SECURITY:ZNTL:nasdaqtrader:Q:ZNTL,,common_equity,eligible,Q,,,3.84,6.61,,5131542.796825397,-14.666666666666671,3.5040431266846417,52.38095238095237,141.50943396226415,41.906202723146755,92.97308533801902,277.0,full,usable,2026-08-20,conditional,85.79,100.0,,,85.0,95.0,62.0,100.0,2.2.0,c8f1bf1665a8c5dfb834c0571e7dd5f6b6e5ccd00eab00295338bd42cfde549b
ZONE,CleanCore Solutions Inc. Class B Common Stock,nasdaqtrader:A:ZONE,NAMECLASS:CLEANCORE SOLUTIONS INC,,common_equity,eligible,A,,,0.1613,6.86,,2312199.4922349206,-76.95714285714286,-74.96119217634275,-37.88987293030419,-96.10386473429952,97.64868804664722,333.86500098601107,277.0,full,usable,2026-08-20,conditional,39.5,100.0,,,17.0,30.0,45.0,100.0,2.2.0,c8f1bf1665a8c5dfb834c0571e7dd5f6b6e5ccd00eab00295338bd42cfde549b
ZOOZ,ZOOZ Strategy Ltd. - Ordinary Shares,nasdaqtrader:Q:ZOOZ,SECURITY:ZOOZ:nasdaqtrader:Q:ZOOZ,,common_equity,eligible,Q,,,5.4,54.8,,94818.82984126985,2.07939508506616,-2.3154848046309517,-27.536231884057973,-83.01886792452831,90.14598540145985,49.348285101000776,277.0,full,usable,2026-08-20,rejected,38.43,100.0,,,47.0,30.0,0.0,100.0,2.2.0,c8f1bf1665a8c5dfb834c0571e7dd5f6b6e5ccd00eab00295338bd42cfde549b
ZS,"Zscaler, Inc. - Common Stock",nasdaqtrader:Q:ZS,SECURITY:ZS:nasdaqtrader:Q:ZS,,common_equity,eligible,Q,,,174.95,336.27,,603547704.7663492,22.979052439195847,0.2866150759530006,3.526835907450132,-36.363305688927696,47.9733547446992,50.671794996737354,277.0,full,usable,2026-08-20,conditional,88.79,100.0,,,67.0,95.0,100.0,100.0,2.2.0,c8f1bf1665a8c5dfb834c0571e7dd5f6b6e5ccd00eab00295338bd42cfde549b
ZSQR,Z Squared Inc. - Common Stock,nasdaqtrader:Q:ZSQR,SECURITY:ZSQR:nasdaqtrader:Q:ZSQR,,common_equity,eligible,Q,,,3.96,18.8,,4950960.503809524,-20.481927710843383,-54.325259515570934,-65.77355229040623,-70.82872928176795,78.93617021276596,139.329668857973,277.0,full,usable,2026-08-20,conditional,41.79,100.0,,,25.0,30.0,45.0,100.0,2.2.0,c8f1bf1665a8c5dfb834c0571e7dd5f6b6e5ccd00eab00295338bd42cfde549b
ZSTK,ZeroStack Corp. - Common Stock,nasdaqtrader:Q:ZSTK,SECURITY:ZSTK:nasdaqtrader:Q:ZSTK,,common_equity,eligible,Q,,,5.83,33.51,,2102166.1004682537,257.66871165644176,38.8095238095238,-32.130384167636784,-68.95633652822151,82.60220829603104,318.5029696547361,277.0,full,usable,2026-08-20,conditional,50.36,100.0,,,55.0,30.0,45.0,100.0,2.2.0,c8f1bf1665a8c5dfb834c0571e7dd5f6b6e5ccd00eab00295338bd42cfde549b
ZTG,Zenta Group Company Limited - Class A Ordinary Shares,nasdaqtrader:Q:ZTG,NAMECLASS:ZENTA GROUP COMPANY LIMITED,,common_equity,eligible,Q,,,1.1,10.5,,3762598.7750793654,-66.36085626911314,-62.06896551724137,-45.81280788177339,,89.52380952380953,422.0806966438564,239.0,limited_but_usable,usable,2026-08-20,conditional,48.07,100.0,,,47.0,30.0,45.0,100.0,2.2.0,c8f1bf1665a8c5dfb834c0571e7dd5f6b6e5ccd00eab00295338bd42cfde549b
ZTO,"ZTO Express (Cayman) Inc. American Depositary Shares, each representing one Class A ordinary share.",nasdaqtrader:N:ZTO,SECURITY:ZTO:nasdaqtrader:N:ZTO,,adr,eligible,N,,,21.38,25.88,,38360689.53984127,-11.286307053941913,-7.9242032730404866,-15.992141453831044,8.308004052684904,17.387944358578057,30.04356802137004,277.0,full,usable,2026-08-20,conditional,83.29,100.0,,,79.0,82.0,80.0,100.0,2.2.0,c8f1bf1665a8c5dfb834c0571e7dd5f6b6e5ccd00eab00295338bd42cfde549b
ZTS,Zoetis Inc. Class A Common Stock,nasdaqtrader:N:ZTS,NAMECLASS:ZOETIS INC,,common_equity,eligible,N,,,75.02,156.76,,521484761.8023809,1.1187491575683994,-5.883828879688869,-41.05908233815211,-51.80831245583606,52.14340392957387,35.521596106186756,277.0,full,usable,2026-08-20,conditional,79.86,100.0,,,67.0,70.0,100.0,100.0,2.2.0,c8f1bf1665a8c5dfb834c0571e7dd5f6b6e5ccd00eab00295338bd42cfde549b
ZUMZ,Zumiez Inc. - Common Stock,nasdaqtrader:Q:ZUMZ,SECURITY:ZUMZ:nasdaqtrader:Q:ZUMZ,,common_equity,eligible,Q,,,17.47,30.62,,4614294.6296031745,-7.4682203389830555,-23.30992098331871,-32.91090629800307,10.569620253164548,42.9457870672763,37.74446245197376,277.0,full,usable,2026-08-20,conditional,80.43,100.0,,,79.0,95.0,45.0,100.0,2.2.0,c8f1bf1665a8c5dfb834c0571e7dd5f6b6e5ccd00eab00295338bd42cfde549b
ZURA,Zura Bio Limited - Class A Ordinary shares,nasdaqtrader:Q:ZURA,NAMECLASS:ZURA BIO LIMITED,,common_equity,eligible,Q,,,5.75,7.04,,5333687.977301587,6.481481481481466,40.758873929008566,-8.439490445859876,232.36994219653178,18.323863636363637,57.57999473072451,277.0,full,usable,2026-08-20,conditional,80.57,100.0,,,83.0,82.0,62.0,100.0,2.2.0,c8f1bf1665a8c5dfb834c0571e7dd5f6b6e5ccd00eab00295338bd42cfde549b
ZVIA,Zevia PBC Class A Common Stock,nasdaqtrader:N:ZVIA,NAMECLASS:ZEVIA PBC,,common_equity,eligible,N,,,1.32,3.1,,1428466.7538095238,-14.838709677419349,-13.157894736842103,-21.893491124260343,-54.166666666666664,57.41935483870968,59.772653540869584,277.0,full,usable,2026-08-20,rejected,58.43,100.0,,,67.0,70.0,0.0,100.0,2.2.0,c8f1bf1665a8c5dfb834c0571e7dd5f6b6e5ccd00eab00295338bd42cfde549b
ZVRA,"Zevra Therapeutics, Inc.  - Common Stock",nasdaqtrader:Q:ZVRA,SECURITY:ZVRA:nasdaqtrader:Q:ZVRA,,common_equity,eligible,Q,,,11.89,14.75,,19845827.9984127,-2.0593080724876422,16.11328125,33.74578177727783,32.03775680177679,19.38983050847457,96.80218501843723,277.0,full,usable,2026-08-20,conditional,75.43,100.0,,,65.0,82.0,62.0,100.0,2.2.0,c8f1bf1665a8c5dfb834c0571e7dd5f6b6e5ccd00eab00295338bd42cfde549b
ZWS,Zurn Elkay Water Solutions Corporation Common Stock,nasdaqtrader:N:ZWS,SECURITY:ZWS:nasdaqtrader:N:ZWS,,common_equity,eligible,N,,,48.82,53.18,,47840879.00857143,2.8222409435551876,2.0911752404851436,-4.105283834217244,7.865665046398584,8.198570891312517,25.978690340332122,277.0,full,usable,2026-08-20,conditional,83.29,100.0,,,79.0,82.0,80.0,100.0,2.2.0,c8f1bf1665a8c5dfb834c0571e7dd5f6b6e5ccd00eab00295338bd42cfde549b
ZYBT,Zhengye Biotechnology Holding Limited - Class A Ordinary Shares,nasdaqtrader:Q:ZYBT,NAMECLASS:ZHENGYE BIOTECHNOLOGY HOLDING LIMITED,,common_equity,eligible,Q,,,1.89,12.665,,26937309.725039683,36.956521739130444,112.83783783783781,109.99999999999997,-75.13157894736841,85.0769838136597,839.9699155969632,277.0,full,usable,2026-08-20,conditional,49.29,100.0,,,25.0,30.0,80.0,100.0,2.2.0,c8f1bf1665a8c5dfb834c0571e7dd5f6b6e5ccd00eab00295338bd42cfde549b
ZYME,Zymeworks Inc. - Common Stock,nasdaqtrader:Q:ZYME,SECURITY:ZYME:nasdaqtrader:Q:ZYME,,common_equity,eligible,Q,,,26.57,28.56,,14595238.42793651,13.741438356164393,6.964573268921104,13.936535162950259,88.43971631205673,6.967787114845936,40.08175855540428,277.0,full,usable,2026-08-20,conditional,61.29,100.0,,,83.0,28.0,62.0,100.0,2.2.0,c8f1bf1665a8c5dfb834c0571e7dd5f6b6e5ccd00eab00295338bd42cfde549b
